Mã SV,Điểm TBTN,Tỉ lệ Văn/Toán,Tổng HS,Hạng PT,Giới tính,Dân tộc,Học kỳ,Thời gian tự học,Điểm giữa kỳ,Thể thao,Điểm cuối kỳ
1,6.43,0.48,10,4,Nữ,Khác,2,43,2.25,0,2.04
2,5.45,0.81,123,102,Nam,Kinh,1,28,2.2,0,2.03
3,5.45,0.81,123,102,Nam,Kinh,2,43,1.6,0,2.09
4,5.66,0.88,119,42,Nam,Kinh,1,0,1.6,0,0
5,5.66,0.88,119,42,Nam,Kinh,2,14,1.29,0,1.78
6,7.55,0.8,318,31,Nam,Kinh,1,0,2,0,0
7,7.55,0.8,318,31,Nam,Kinh,2,17,2.73,0,2
8,6.71,1,383,66,Nam,Kinh,1,91,2.8,0,2.35
9,6.71,1,383,66,Nam,Kinh,2,106,2.6,0,2.41
10,5.52,1.14,44,27,Nam,Khác,1,0,1.29,0,0
11,5.52,1.14,44,27,Nam,Khác,2,12,0.25,0,1.16
12,5.73,0.78,344,36,Nữ,Khác,1,25,1.5,0,2.12
13,5.73,0.78,344,36,Nữ,Khác,2,41,2,0,1.87
14,5.73,0.91,228,155,Nam,Kinh,1,30,2.5,0,1.93
15,5.73,0.91,228,155,Nam,Kinh,2,42,1.6,0,2.09
16,7.27,0.93,91,8,Nam,Kinh,1,0,2.18,0,0
17,7.27,0.93,91,8,Nam,Kinh,2,17,2.13,0,2.17
18,5.1,0.78,482,273,Nam,Khác,1,34,1.75,1,1.97
19,5.1,0.78,482,273,Nam,Khác,2,50,2.5,1,1.9
20,5.45,0.7,78,17,Nam,Kinh,1,59,2.5,1,2.38
21,5.45,0.7,78,17,Nam,Kinh,2,71,2.33,1,2.4
22,5.8,1.02,196,54,Nam,Khác,1,62,1.75,0,2.01
23,5.8,1.02,196,54,Nam,Khác,2,74,1.4,0,1.97
24,4.97,1.09,300,226,Nam,Khác,1,120,0.5,1,2.02
25,4.97,1.09,300,226,Nam,Khác,2,132,1.08,1,1.88
26,6.85,0.92,152,45,Nam,Khác,1,35,1.75,1,2.08
27,6.85,0.92,152,45,Nam,Khác,2,47,2.11,1,2
28,5.17,0.9,312,161,Nam,Khác,1,93,1.25,1,2
29,5.17,0.9,312,161,Nam,Khác,2,105,1.5,1,1.91
30,8.25,0.87,637,255,Nam,Kinh,1,93,2.75,0,3.03
31,8.25,0.87,637,255,Nam,Kinh,2,105,3,0,3
32,4.9,1,32,22,Nam,Kinh,1,26,2.5,0,2.34
33,4.9,1,32,22,Nam,Kinh,2,38,1.6,0,2.39
34,3.64,1,462,358,Nam,Kinh,1,72,2.25,1,1.58
35,3.64,1,462,358,Nam,Kinh,2,84,2,1,1.67
36,5.03,0.85,283,76,Nam,Khác,1,39,1.25,1,1.76
37,5.03,0.85,283,76,Nam,Khác,2,51,1.6,1,1.64
38,6.57,0.77,194,85,Nữ,Kinh,1,0,2.63,0,0
39,6.57,0.77,194,85,Nữ,Kinh,2,17,2.63,0,2.58
40,6.71,0.78,447,320,Nam,Khác,1,0,2.06,1,0
41,6.71,0.78,447,320,Nam,Khác,2,15,1.33,1,2.33
42,6.08,0.85,371,259,Nam,Kinh,1,27,2.08,0,2.03
43,6.08,0.85,371,259,Nam,Kinh,2,40,1.29,0,2.05
44,6.22,0.78,124,50,Nam,Kinh,1,25,2.5,0,2.44
45,6.22,0.78,124,50,Nam,Kinh,2,37,3,0,2.45
46,5.87,1,116,16,Nam,Kinh,1,85,2,0,2.07
47,5.87,1,116,16,Nam,Kinh,2,100,2.29,0,2.06
48,5.66,1.08,227,56,Nữ,Kinh,1,30,2.5,0,2.7
49,5.66,1.08,227,56,Nữ,Kinh,2,42,2.85,0,2.64
50,5.73,1.1,571,344,Nam,Khác,1,31,2.33,0,2.22
51,5.73,1.1,571,344,Nam,Khác,2,40,3,0,2.25
52,6.78,0.67,566,83,Nam,Kinh,1,23,1.75,0,2.86
53,6.78,0.67,566,83,Nam,Kinh,2,39,2,0,2.41
54,5.52,1.08,597,72,Nam,Kinh,1,0,2.82,1,0
55,5.52,1.08,597,72,Nam,Kinh,2,17,1.75,1,2.82
56,5.59,0.82,310,95,Nữ,Kinh,1,0,2.13,0,0
57,5.59,0.82,310,95,Nữ,Kinh,2,13,2.64,0,2.15
58,4.76,0.74,328,122,Nữ,Kinh,1,33,2.56,0,2.93
59,4.76,0.74,328,122,Nữ,Kinh,2,49,2,0,2.81
60,5.94,0.81,73,5,Nữ,Kinh,1,0,2.71,0,0
61,5.94,0.81,73,5,Nữ,Kinh,2,15,3.07,0,2.66
62,5.73,0.71,131,98,Nam,Kinh,1,80,2.2,0,2.27
63,5.73,0.71,131,98,Nam,Kinh,2,95,2,0,2.26
64,7.83,0.67,488,20,Nam,Kinh,1,0,2.33,0,0
65,7.83,0.67,488,20,Nam,Kinh,2,12,2.25,0,2.33
66,3.15,0.8,118,46,Nam,Khác,1,1,1.43,1,4
67,3.15,0.8,118,46,Nam,Khác,2,13,1.79,1,1.69
68,6.15,1.1,407,70,Nữ,Kinh,1,26,2.41,0,2.34
69,6.15,1.1,407,70,Nữ,Kinh,2,43,2.5,0,2.37
70,7.06,1.15,106,55,Nam,Kinh,1,28,1.27,0,1.5
71,7.06,1.15,106,55,Nam,Kinh,2,42,2.5,0,1.33
72,6.43,1.04,149,91,Nam,Kinh,1,0,1.86,0,0
73,6.43,1.04,149,91,Nam,Kinh,2,12,2.85,0,1.66
74,5.8,0.84,200,84,Nam,Khác,1,70,2.8,0,1.91
75,5.8,0.84,200,84,Nam,Khác,2,83,1.6,0,1.95
76,4.13,0.69,480,337,Nam,Khác,1,37,0.5,1,2.18
77,4.13,0.69,480,337,Nam,Khác,2,49,1.75,1,1.77
78,3.5,1.27,457,329,Nam,Kinh,1,0,1.21,0,0
79,3.5,1.27,457,329,Nam,Kinh,2,14,1.62,0,1.21
80,7.34,1.06,160,98,Nam,Kinh,1,57,2.81,0,2.61
81,7.34,1.06,160,98,Nam,Kinh,2,73,3.36,0,2.69
82,3.99,0.97,324,187,Nam,Khác,1,67,1,1,1.86
83,3.99,0.97,324,187,Nam,Khác,2,79,0.75,1,1.73
84,6.78,0.76,5,1,Nữ,Kinh,1,64,3.4,0,3.18
85,6.78,0.76,5,1,Nữ,Kinh,2,79,3.17,0,3.22
86,4.55,0.81,206,57,Nam,Kinh,1,40,2,1,2.25
87,4.55,0.81,206,57,Nam,Kinh,2,52,2.25,1,2.19
88,7.97,0.58,241,24,Nam,Kinh,1,56,2.4,0,2.67
89,7.97,0.58,241,24,Nam,Kinh,2,71,2.38,0,2.61
90,8.25,1.19,469,36,Nam,Kinh,1,69,3.47,0,2.98
91,8.25,1.19,469,36,Nam,Kinh,2,87,3.12,0,3.09
92,5.38,0.83,486,397,Nam,Kinh,1,16,2,0,1.87
93,5.38,0.83,486,397,Nam,Kinh,2,25,2,0,1.92
94,6.71,0.88,430,65,Nữ,Kinh,1,0,3.47,0,0
95,6.71,0.88,430,65,Nữ,Kinh,2,16,3.81,0,3.56
96,5.03,0.95,430,230,Nữ,Khác,1,0,2,0,0
97,5.03,0.95,430,230,Nữ,Khác,2,16,2.23,0,1.93
98,5.24,1.08,341,270,Nam,Kinh,1,0,1.92,0,0
99,5.24,1.08,341,270,Nam,Kinh,2,12,2,0,1.91
100,6.71,0.88,10,3,Nữ,Kinh,1,32,3.31,0,2.9
101,6.71,0.88,10,3,Nữ,Kinh,2,45,3.77,0,3.02
102,6.78,0.73,10,3,Nam,Kinh,1,67,2,1,2.04
103,6.78,0.73,10,3,Nam,Kinh,2,79,2.29,1,2.03
104,7.48,0.78,288,65,Nam,Kinh,1,62,1.85,1,2.12
105,7.48,0.78,288,65,Nam,Kinh,2,74,2,1,2.06
106,6.57,0.71,251,45,Nam,Kinh,1,32,2.33,0,2.65
107,6.57,0.71,251,45,Nam,Kinh,2,50,2.13,0,2.54
108,7.69,0.8,306,99,Nam,Kinh,1,59,2.5,0,2.64
109,7.69,0.8,306,99,Nam,Kinh,2,71,2.08,0,2.61
110,7.76,0.95,216,125,Nam,Kinh,1,52,2.15,0,2.05
111,7.76,0.95,216,125,Nam,Kinh,2,65,2.69,0,2.07
112,6.01,0.46,274,110,Nam,Kinh,1,78,3.14,0,1.94
113,6.01,0.46,274,110,Nam,Kinh,2,92,2.75,0,2.13
114,7.76,0.91,48,20,Nữ,Kinh,1,29,3.63,0,3.86
115,7.76,0.91,48,20,Nữ,Kinh,2,45,3.69,0,3.77
116,5.94,1.02,244,146,Nữ,Kinh,1,87,1.94,0,2.01
117,5.94,1.02,244,146,Nữ,Kinh,2,103,2.6,0,2
118,5.24,1.08,48,26,Nữ,Kinh,1,0,1.27,0,0
119,5.24,1.08,48,26,Nữ,Kinh,2,12,2.75,0,1.41
120,5.87,0.79,48,32,Nữ,Kinh,1,0,2,0,0
121,5.87,0.79,48,32,Nữ,Kinh,2,16,2.31,0,2.12
122,7.34,0.75,620,266,Nam,Kinh,1,0,1.8,0,0
123,7.34,0.75,620,266,Nam,Kinh,2,15,1.23,0,1.8
124,6.22,0.85,550,114,Nữ,Kinh,1,29,2.5,0,2.17
125,6.22,0.85,550,114,Nữ,Kinh,2,43,2.62,0,2.27
126,6.22,1.23,768,451,Nữ,Kinh,1,63,2.25,0,1.93
127,6.22,1.23,768,451,Nữ,Kinh,2,75,2.94,0,1.98
128,5.8,0.93,161,147,Nam,Kinh,1,26,1.71,0,1.65
129,5.8,0.93,161,147,Nam,Kinh,2,40,2.71,0,1.67
130,5.94,1.02,179,153,Nam,Kinh,1,0,2.4,0,0
131,5.94,1.02,179,153,Nam,Kinh,2,11,1.73,0,1.81
132,5.38,0.88,620,461,Nam,Kinh,1,0,2.31,1,0
133,5.38,0.88,620,461,Nam,Kinh,2,15,2.31,1,2.46
134,6.36,0.9,386,190,Nam,Khác,1,39,2.54,1,2.43
135,6.36,0.9,386,190,Nam,Khác,2,52,2.25,1,2.46
136,6.36,0.82,563,328,Nam,Kinh,1,0,0.43,0,0
137,6.36,0.82,563,328,Nam,Kinh,2,15,1.57,0,0.6
138,7.76,0.79,4,2,Nữ,Kinh,1,30,2.69,0,2.66
139,7.76,0.79,4,2,Nữ,Kinh,2,46,3,0,2.67
140,7.62,0.85,320,55,Nữ,Kinh,1,84,2.2,0,2.41
141,7.62,0.85,320,55,Nữ,Kinh,2,99,2.8,0,2.38
142,8.18,0.75,470,127,Nam,Kinh,1,55,3.33,0,3.27
143,8.18,0.75,470,127,Nam,Kinh,2,73,3.33,0,3.28
144,5.31,0.95,670,71,Nam,Khác,1,28,3.44,0,2.75
145,5.31,0.95,670,71,Nam,Khác,2,44,3.2,0,3
146,5.45,0.9,654,81,Nữ,Khác,1,0,2.88,0,0
147,5.45,0.9,654,81,Nữ,Khác,2,14,2.64,0,2.85
148,4.69,0.81,277,61,Nam,Khác,1,111,1.5,1,2.01
149,4.69,0.81,277,61,Nam,Khác,2,123,0,1,1.96
150,6.08,0.89,462,236,Nam,Kinh,1,55,2.25,0,2.21
151,6.08,0.89,462,236,Nam,Kinh,2,67,1.75,0,2.22
152,5.94,0.77,401,45,Nam,Kinh,1,52,1.33,1,1.98
153,5.94,0.77,401,45,Nam,Kinh,2,61,1.64,1,1.88
154,5.52,0.68,403,193,Nam,Kinh,1,57,1.57,0,1.94
155,5.52,0.68,403,193,Nam,Kinh,2,71,2.75,0,1.87
156,8.25,0.87,321,167,Nam,Kinh,1,69,3,1,1.62
157,8.25,0.87,321,167,Nam,Kinh,2,81,2,1,1.82
158,6.57,0.65,375,87,Nam,Kinh,1,65,2.5,1,2.41
159,6.57,0.65,375,87,Nam,Kinh,2,77,2.38,1,2.42
160,5.94,0.81,448,207,Nữ,Kinh,1,0,1.6,0,0
161,5.94,0.81,448,207,Nữ,Kinh,2,14,2.23,0,1.57
162,3.78,0.59,577,402,Nam,Khác,1,80,1.75,1,1.93
163,3.78,0.59,577,402,Nam,Khác,2,92,0.75,1,1.91
164,6.5,1.02,604,27,Nữ,Kinh,1,28,3.8,0,3.32
165,6.5,1.02,604,27,Nữ,Kinh,2,43,3,0,3.48
166,5.66,1.02,520,214,Nam,Kinh,1,30,2.79,0,2.16
167,5.66,1.02,520,214,Nam,Kinh,2,44,2.81,0,2.36
168,7.9,0.79,450,1,Nữ,Kinh,1,77,4,0,3.9
169,7.9,0.79,450,1,Nữ,Kinh,2,92,3.63,0,3.92
170,6.57,0.47,303,84,Nam,Kinh,1,28,3.5,0,3.14
171,6.57,0.47,303,84,Nam,Kinh,2,40,3.08,0,3.25
172,7.06,0.94,457,123,Nam,Kinh,1,80,3,0,2.36
173,7.06,0.94,457,123,Nam,Kinh,2,95,3.4,0,2.46
174,6.5,1.02,288,197,Nam,Kinh,1,38,1.25,1,2.07
175,6.5,1.02,288,197,Nam,Kinh,2,50,2.23,1,1.88
176,5.94,0.93,537,234,Nam,Kinh,1,66,2,0,2.09
177,5.94,0.93,537,234,Nam,Kinh,2,78,1.94,0,2.07
178,8.11,0.93,637,101,Nữ,Kinh,1,83,3.4,0,3.49
179,8.11,0.93,637,101,Nữ,Kinh,2,98,3.3,0,3.47
180,6.29,0.91,637,76,Nữ,Kinh,1,86,3,0,2.77
181,6.29,0.91,637,76,Nữ,Kinh,2,101,2.6,0,2.81
182,6.43,0.88,637,163,Nữ,Kinh,1,89,2.08,0,2.69
183,6.43,0.88,637,163,Nữ,Kinh,2,102,2.46,0,2.61
184,7.13,0.79,330,160,Nam,Kinh,1,0,1.43,0,0
185,7.13,0.79,330,160,Nam,Kinh,2,12,0.75,0,1.16
186,4.62,0.78,251,130,Nam,Khác,1,80,1.5,1,1.92
187,4.62,0.78,251,130,Nam,Khác,2,92,0.75,1,1.86
188,6.08,0.78,10,2,Nữ,Khác,1,0,3.44,0,0
189,6.08,0.78,10,2,Nữ,Khác,2,14,2.62,0,3.5
190,7.69,0.86,172,137,Nam,Kinh,1,35,2.79,1,3.05
191,7.69,0.86,172,137,Nam,Kinh,2,49,3.25,1,2.97
192,6.71,0.68,204,51,Nam,Kinh,1,30,3,0,2.4
193,6.71,0.68,204,51,Nam,Kinh,2,42,2.17,0,2.57
194,3.78,0.93,240,151,Nam,Khác,1,100,2,1,2.2
195,3.78,0.93,240,151,Nam,Khác,2,112,1.25,1,2.17
196,4.9,0.79,238,102,Nam,Khác,1,0,2.41,1,0
197,4.9,0.79,238,102,Nam,Khác,2,15,1.92,1,2.6
198,3.43,0.69,92,50,Nam,Khác,1,121,2.38,0,1.95
199,3.43,0.69,92,50,Nam,Khác,2,134,0,0,1.99
200,5.24,0.97,215,68,Nam,Kinh,1,62,1.75,1,2.58
201,5.24,0.97,215,68,Nam,Kinh,2,74,2.5,1,2.44
202,6.85,0.75,190,42,Nam,Kinh,1,0,2,1,0
203,6.85,0.75,190,42,Nam,Kinh,2,14,1.5,1,2
204,6.08,0.74,302,67,Nam,Khác,1,93,2.2,1,2.22
205,6.08,0.74,302,67,Nam,Khác,2,108,2.67,1,2.22
206,4.76,0.62,91,13,Nữ,Khác,1,94,2.15,0,2.03
207,4.76,0.62,91,13,Nữ,Khác,2,107,2.63,0,2.04
208,8.53,0.67,10,3,Nam,Khác,1,28,3.14,0,2.57
209,8.53,0.67,10,3,Nam,Khác,2,42,3.15,0,2.76
210,7.69,0.77,10,1,Nữ,Kinh,1,29,3.6,0,3.48
211,7.69,0.77,10,1,Nữ,Kinh,2,44,3.38,0,3.52
212,7.69,1.04,10,6,Nam,Kinh,1,61,3,0,2.21
213,7.69,1.04,10,6,Nam,Kinh,2,70,2.26,0,2.31
214,5.1,0.59,260,116,Nam,Khác,1,35,1,0,2.65
215,5.1,0.59,260,116,Nam,Khác,2,47,1.69,0,2.23
216,5.8,0.73,457,279,Nam,Kinh,1,77,1.5,1,1.98
217,5.8,0.73,457,279,Nam,Kinh,2,89,1.14,1,1.92
218,5.73,0.78,98,16,Nam,Kinh,1,104,2.38,1,2.48
219,5.73,0.78,98,16,Nam,Kinh,2,117,2,1,2.47
220,4.06,0.87,534,89,Nam,Khác,1,106,2.4,1,2.01
221,4.06,0.87,534,89,Nam,Khác,2,121,1.44,1,2.06
222,5.17,1.06,61,8,Nam,Kinh,1,0,2,0,0
223,5.17,1.06,61,8,Nam,Kinh,2,14,2.5,0,2.07
224,4.69,0.81,76,58,Nam,Khác,1,70,0.33,1,2.12
225,4.69,0.81,76,58,Nam,Khác,2,82,1.33,1,1.89
226,5.03,0.57,10,7,Nam,Khác,1,39,2,1,2.3
227,5.03,0.57,10,7,Nam,Khác,2,51,2.25,1,2.23
228,4.83,0.92,214,86,Nam,Khác,1,36,1,1,2.02
229,4.83,0.92,214,86,Nam,Khác,2,51,2.25,1,1.72
230,5.8,0.93,10,5,Nam,Khác,1,1,0.93,1,4
231,5.8,0.93,10,5,Nam,Khác,2,13,1.2,1,1.3
232,7.13,0.62,697,463,Nam,Kinh,1,31,2.31,1,1.87
233,7.13,0.62,697,463,Nam,Kinh,2,44,2.23,1,2
234,7.62,0.7,472,67,Nam,Kinh,1,83,2.75,0,2.87
235,7.62,0.7,472,67,Nam,Kinh,2,95,2.75,0,2.86
236,5.24,0.67,412,178,Nam,Kinh,1,39,2.38,1,1.71
237,5.24,0.67,412,178,Nam,Kinh,2,52,2.75,1,1.88
238,5.94,1.07,405,117,Nam,Kinh,1,30,1.25,0,1.83
239,5.94,1.07,405,117,Nam,Kinh,2,42,2,0,1.8
240,6.78,0.87,10,4,Nam,Kinh,1,70,2.5,0,1.95
241,6.78,0.87,10,4,Nam,Kinh,2,71,2,0,1.98
242,7.13,0.67,450,39,Nữ,Kinh,1,93,3,0,3.27
243,7.13,0.67,450,39,Nữ,Kinh,2,108,3.5,0,3.24
244,5.38,0.79,430,250,Nam,Kinh,1,28,2.81,0,1.85
245,5.38,0.79,430,250,Nam,Kinh,2,44,2.47,0,2.2
246,6.29,1.09,10,5,Nam,Kinh,1,0,2.73,0,0
247,6.29,1.09,10,5,Nam,Kinh,2,15,2,0,2.73
248,5.1,0.92,10,5,Nam,Kinh,1,1,1.47,1,4
249,5.1,0.92,10,5,Nam,Kinh,2,16,2.07,1,1.68
250,6.71,0.78,46,10,Nam,Kinh,1,0,2.18,1,0
251,6.71,0.78,46,10,Nam,Kinh,2,15,2.6,1,2.06
252,6.85,0.72,568,384,Nam,Kinh,1,30,1.8,0,2.06
253,6.85,0.72,568,384,Nam,Kinh,2,45,2.74,0,1.97
254,6.08,0.78,227,27,Nữ,Kinh,1,33,2.19,0,2.57
255,6.08,0.78,227,27,Nữ,Kinh,2,49,2.56,0,2.44
256,6.64,1.02,569,218,Nữ,Kinh,1,29,3,0,2.89
257,6.64,1.02,569,218,Nữ,Kinh,2,45,2.81,0,2.86
258,5.8,1.02,546,285,Nam,Kinh,1,57,1.5,1,2.03
259,5.8,1.02,546,285,Nam,Kinh,2,69,0.4,1,1.81
260,5.52,1.39,677,96,Nữ,Kinh,1,72,3,0,2.65
261,5.52,1.39,677,96,Nữ,Kinh,2,87,3,0,2.71
262,7.06,0.74,266,10,Nữ,Kinh,1,27,3,0,2.96
263,7.06,0.74,266,10,Nữ,Kinh,2,41,2.62,0,2.97
264,7.34,1.1,162,22,Nữ,Kinh,1,61,2,0,2.75
265,7.34,1.1,162,22,Nữ,Kinh,2,76,2.2,0,2.6
266,6.01,0.72,113,29,Nữ,Kinh,1,59,3.25,0,2.62
267,6.01,0.72,113,29,Nữ,Kinh,2,75,2.6,0,2.76
268,7.97,0.97,454,36,Nam,Kinh,1,26,3,0,3.76
269,7.97,0.97,454,36,Nam,Kinh,2,38,3.25,0,3.52
270,6.01,0.72,323,9,Nam,Kinh,1,59,3.2,0,2.69
271,6.01,0.72,323,9,Nam,Kinh,2,74,2.8,0,2.79
272,6.57,0.84,385,105,Nữ,Kinh,1,58,2.54,0,2.22
273,6.57,0.84,385,105,Nữ,Kinh,2,71,3.41,0,2.28
274,5.66,0.93,385,165,Nữ,Kinh,1,65,2.69,0,2.32
275,5.66,0.93,385,165,Nữ,Kinh,2,78,2.85,0,2.38
276,5.94,0.85,256,39,Nam,Kinh,1,0,2.65,0,0
277,5.94,0.85,256,39,Nam,Kinh,2,15,3,0,2.6
278,9.02,0.82,82,45,Nam,Kinh,1,28,3.2,0,2
279,9.02,0.82,82,45,Nam,Kinh,2,43,3.5,0,2.41
280,8.18,0.83,64,4,Nữ,Kinh,1,0,3.41,0,0
281,8.18,0.83,64,4,Nữ,Kinh,2,17,3.25,0,3.41
282,7.69,0.77,53,10,Nam,Kinh,1,27,3,0,3.18
283,7.69,0.77,53,10,Nam,Kinh,2,42,2.75,0,3.11
284,10,0.83,285,14,Nam,Kinh,1,66,3.67,0,3.53
285,10,0.83,285,14,Nam,Kinh,2,78,3.77,0,3.55
286,5.31,1.17,272,163,Nam,Kinh,1,25,2.4,0,2.24
287,5.31,1.17,272,163,Nam,Kinh,2,40,2.08,0,2.3
288,5.73,0.78,5,2,Nữ,Kinh,1,96,2.29,0,2.31
289,5.73,0.78,5,2,Nữ,Kinh,2,103,3,0,2.31
290,4.34,1,200,152,Nam,Khác,1,59,2.25,0,1.93
291,4.34,1,200,152,Nam,Khác,2,70,2.15,0,1.97
292,7.55,0.66,10,3,Nam,Kinh,1,61,2.83,0,2.29
293,7.55,0.66,10,3,Nam,Kinh,2,79,2.8,0,2.41
294,5.94,0.85,358,135,Nam,Kinh,1,24,1.25,1,2.04
295,5.94,0.85,358,135,Nam,Kinh,2,36,3,1,1.77
296,7.41,0.8,299,149,Nam,Kinh,1,41,1.67,1,1.8
297,7.41,0.8,299,149,Nam,Kinh,2,53,2.15,1,1.77
298,7.2,0.91,5,2,Nữ,Kinh,1,88,2.75,0,2.76
299,7.2,0.91,5,2,Nữ,Kinh,2,100,3.2,0,2.76
300,7.48,0.81,485,74,Nữ,Kinh,1,31,3,0,1.83
301,7.48,0.81,485,74,Nữ,Kinh,2,48,2.94,0,2.25
302,6.57,0.65,485,203,Nam,Kinh,1,27,2.56,0,2.33
303,6.57,0.65,485,203,Nam,Kinh,2,43,2.23,0,2.41
304,7.9,0.79,179,104,Nam,Kinh,1,94,2.4,0,2.72
305,7.9,0.79,179,104,Nam,Kinh,2,109,3.29,0,2.67
306,6.36,0.86,10,3,Nam,Kinh,1,0,2.74,0,0
307,6.36,0.86,10,3,Nam,Kinh,2,17,3.06,0,2.82
308,6.92,0.68,321,27,Nữ,Kinh,1,104,3.75,0,3.25
309,6.92,0.68,321,27,Nữ,Kinh,2,116,4,0,3.3
310,6.64,0.79,457,45,Nam,Kinh,1,82,3,0,2.68
311,6.64,0.79,457,45,Nam,Kinh,2,97,2.6,0,2.73
312,7.69,1,223,16,Nữ,Kinh,1,0,4,0,0
313,7.69,1,223,16,Nữ,Kinh,2,15,3.25,0,4
314,5.59,0.9,325,67,Nữ,Kinh,1,26,2.31,0,2.46
315,5.59,0.9,325,67,Nữ,Kinh,2,41,2.77,0,2.41
316,6.43,0.96,407,173,Nam,Kinh,1,26,3.25,1,3.3
317,6.43,0.96,407,173,Nam,Kinh,2,38,3.33,1,3.28
318,8.46,0.83,546,12,Nam,Kinh,1,0,4,0,0
319,8.46,0.83,546,12,Nam,Kinh,2,16,4,0,4
320,9.44,0.9,5,4,Nữ,Kinh,1,62,3.6,0,3.35
321,9.44,0.9,5,4,Nữ,Kinh,2,77,4,0,3.4
322,5.24,1.34,194,182,Nam,Kinh,1,0,0,0,0
323,5.24,1.34,194,182,Nam,Kinh,2,13,1.29,0,0
324,5.73,0.82,210,17,Nam,Kinh,1,54,2.6,0,2.74
325,5.73,0.82,210,17,Nam,Kinh,2,69,2.94,0,2.71
326,5.73,0.82,214,55,Nam,Kinh,1,54,2.5,0,2.05
327,5.73,0.82,214,55,Nam,Kinh,2,66,2.29,0,2.13
328,7.06,0.66,408,140,Nam,Kinh,1,82,0.91,0,1.85
329,7.06,0.66,408,140,Nam,Kinh,2,93,2.62,0,1.74
330,7.27,0.79,193,37,Nữ,Kinh,1,0,2.5,0,0
331,7.27,0.79,193,37,Nữ,Kinh,2,16,2.63,0,2.43
332,8.04,0.8,283,13,Nữ,Kinh,1,0,1.76,0,0
333,8.04,0.8,283,13,Nữ,Kinh,2,17,2.31,0,1.76
334,6.99,0.75,159,67,Nữ,Kinh,1,29,2.4,0,2.44
335,6.99,0.75,159,67,Nữ,Kinh,2,44,3.46,0,2.43
336,6.15,1.2,230,82,Nam,Khác,1,58,0.5,1,2.31
337,6.15,1.2,230,82,Nam,Khác,2,70,1.75,1,2
338,4.48,1.06,219,63,Nam,Khác,1,40,2,1,1.65
339,4.48,1.06,219,63,Nam,Khác,2,52,1.5,1,1.73
340,5.59,0.86,831,220,Nam,Khác,1,39,2.6,1,2.05
341,5.59,0.86,831,220,Nam,Khác,2,54,2.25,1,2.2
342,8.32,0.83,323,117,Nam,Kinh,1,0,2.15,1,0
343,8.32,0.83,323,117,Nam,Kinh,2,13,2.76,1,2.15
344,3.29,0.74,231,92,Nam,Khác,1,54,1,1,2.2
345,3.29,0.74,231,92,Nam,Khác,2,69,1.2,1,1.89
346,7.06,0.8,100,46,Nam,Kinh,1,57,2,0,1.96
347,7.06,0.8,100,46,Nam,Kinh,2,69,2.6,0,1.97
348,8.04,0.89,513,277,Nam,Kinh,1,0,0.76,1,0
349,8.04,0.89,513,277,Nam,Kinh,2,17,0.85,1,0.76
350,5.17,0.64,253,49,Nam,Kinh,1,92,2.4,0,2.11
351,5.17,0.64,253,49,Nam,Kinh,2,107,2.23,0,2.15
352,7.69,0.75,240,129,Nam,Kinh,1,30,2,0,2.93
353,7.69,0.75,240,129,Nam,Kinh,2,42,2.13,0,2.66
354,7.76,1.06,448,105,Nữ,Kinh,1,106,2.83,0,2.92
355,7.76,1.06,448,105,Nữ,Kinh,2,124,3.8,0,2.91
356,7.13,1.32,519,68,Nam,Khác,1,69,2.2,1,2.63
357,7.13,1.32,519,68,Nam,Khác,2,84,3.21,1,2.55
358,7.34,0.75,310,110,Nam,Kinh,1,0,2,1,0
359,7.34,0.75,310,110,Nam,Kinh,2,14,2.17,1,2
360,4.55,0.86,249,97,Nữ,Kinh,1,32,2,0,2.25
361,4.55,0.86,249,97,Nữ,Kinh,2,47,2.4,0,2.17
362,6.15,0.63,600,500,Nam,Kinh,1,57,3.6,0,2.52
363,6.15,0.63,600,500,Nam,Kinh,2,72,2.8,0,2.75
364,7.48,0.81,491,127,Nam,Kinh,1,55,2.29,0,2.25
365,7.48,0.81,491,127,Nam,Kinh,2,69,2.4,0,2.26
366,7.62,0.95,524,308,Nam,Kinh,1,0,2.24,0,0
367,7.62,0.95,524,308,Nam,Kinh,2,15,2.85,0,2
368,6.22,0.75,200,88,Nam,Kinh,1,95,1.83,0,2.07
369,6.22,0.75,200,88,Nam,Kinh,2,113,2.13,0,2.03
370,4.41,0.62,167,87,Nam,Kinh,1,103,1.75,1,2.11
371,4.41,0.62,167,87,Nam,Kinh,2,115,1.75,1,2.07
372,7.06,0.98,91,60,Nam,Kinh,1,0,1.75,1,0
373,7.06,0.98,91,60,Nam,Kinh,2,12,1.54,1,1.75
374,3.64,0.62,343,160,Nam,Khác,1,113,1.25,1,2.05
375,3.64,0.62,343,160,Nam,Khác,2,125,0,1,1.97
376,5.17,1.31,232,63,Nữ,Kinh,1,0,1.24,0,0
377,5.17,1.31,232,63,Nữ,Kinh,2,15,2.19,0,1.13
378,5.31,1,510,441,Nam,Khác,1,0,2.41,1,0
379,5.31,1,510,441,Nam,Khác,2,15,0.93,1,2.6
380,6.43,1.19,492,106,Nữ,Kinh,1,64,3.29,0,2.85
381,6.43,1.19,492,106,Nữ,Kinh,2,81,2.83,0,2.95
382,6.85,0.88,260,86,Nam,Kinh,1,59,2.8,0,2.27
383,6.85,0.88,260,86,Nam,Kinh,2,74,0.75,0,2.37
384,6.15,0.76,177,12,Nam,Kinh,1,0,3.05,1,0
385,6.15,0.76,177,12,Nam,Kinh,2,17,3.25,1,3.05
386,6.71,0.6,265,42,Nam,Kinh,1,78,3.07,0,3.02
387,6.71,0.6,265,42,Nam,Kinh,2,92,2.79,0,3.03
388,6.43,0.8,345,30,Nữ,Kinh,1,0,2,0,0
389,6.43,0.8,345,30,Nữ,Kinh,2,14,1.43,0,2
390,5.73,0.74,175,64,Nam,Kinh,1,92,2.25,1,2.47
391,5.73,0.74,175,64,Nam,Kinh,2,104,1.75,1,2.45
392,6.43,0.74,474,244,Nam,Kinh,1,90,2.8,0,2.84
393,6.43,0.74,474,244,Nam,Kinh,2,105,3.33,0,2.83
394,6.29,0.88,199,52,Nam,Kinh,1,79,1.81,0,2.24
395,6.29,0.88,199,52,Nam,Kinh,2,95,1.67,0,2.16
396,3.5,0.67,475,145,Nam,Khác,1,109,1.5,1,2.08
397,3.5,0.67,475,145,Nam,Khác,2,121,1.6,1,2.02
398,4.97,0.87,254,85,Nam,Khác,1,1,1.71,1,4
399,4.97,0.87,254,85,Nam,Khác,2,16,2.35,1,1.81
400,6.36,0.72,241,93,Nam,Kinh,1,1,2.75,1,4
401,6.36,0.72,241,93,Nam,Kinh,2,13,2.13,1,2.84
402,5.8,0.93,195,71,Nam,Kinh,1,43,2.2,1,1.72
403,5.8,0.93,195,71,Nam,Kinh,2,58,1.75,1,1.84
404,6.78,0.9,184,27,Nam,Khác,1,82,2.71,0,2.2
405,6.78,0.9,184,27,Nam,Khác,2,96,2,0,2.28
406,5.31,0.81,165,86,Nam,Khác,1,1,1.43,1,4
407,5.31,0.81,165,86,Nam,Khác,2,16,2.23,1,1.75
408,6.71,0.75,170,27,Nam,Kinh,1,33,1,1,2.03
409,6.71,0.75,170,27,Nam,Kinh,2,46,3.38,1,1.73
410,6.01,0.72,413,31,Nam,Kinh,1,54,3.2,0,3.5
411,6.01,0.72,413,31,Nam,Kinh,2,69,3.63,0,3.43
412,7.41,0.93,657,141,Nam,Kinh,1,0,3.07,0,0
413,7.41,0.93,657,141,Nam,Kinh,2,15,3.08,0,3.06
414,8.18,0.92,178,25,Nữ,Kinh,1,31,3.2,0,3.58
415,8.18,0.92,178,25,Nữ,Kinh,2,46,3,0,3.45
416,7.97,0.63,348,32,Nam,Kinh,1,0,3.07,0,0
417,7.97,0.63,348,32,Nam,Kinh,2,14,3.22,0,3.07
418,6.22,0.89,275,27,Nam,Khác,1,70,1.38,1,2.14
419,6.22,0.89,275,27,Nam,Khác,2,83,2.33,1,2.02
420,7.06,0.77,239,43,Nam,Kinh,1,0,2.07,0,0
421,7.06,0.77,239,43,Nam,Kinh,2,12,2.21,0,1.91
422,6.36,0.69,348,177,Nam,Kinh,1,0,2.76,0,0
423,6.36,0.69,348,177,Nam,Kinh,2,15,2.77,0,2.86
424,6.71,0.66,328,94,Nam,Kinh,1,84,2.42,0,2.65
425,6.71,0.66,328,94,Nam,Kinh,2,96,2.5,0,2.62
426,6.15,0.96,161,35,Nữ,Kinh,1,65,2.75,0,2.29
427,6.15,0.96,161,35,Nữ,Kinh,2,81,2.53,0,2.38
428,5.73,1.1,94,43,Nam,Kinh,1,96,2.89,0,3.16
429,5.73,1.1,94,43,Nam,Kinh,2,113,3.5,0,3.12
430,5.59,0.9,148,26,Nữ,Kinh,1,33,2.75,0,2.72
431,5.59,0.9,148,26,Nữ,Kinh,2,49,2.76,0,2.73
432,6.57,0.92,179,49,Nam,Kinh,1,33,2.42,0,1.9
433,6.57,0.92,179,49,Nam,Kinh,2,45,2.43,0,2.04
434,5.17,1.11,770,90,Nam,Kinh,1,27,1.46,0,2.07
435,5.17,1.11,770,90,Nam,Kinh,2,40,1.75,0,1.87
436,5.03,0.71,850,290,Nam,Kinh,1,0,0.77,0,0
437,5.03,0.71,850,290,Nam,Kinh,2,12,1.29,0,1
438,5.59,1.05,302,106,Nam,Khác,1,58,2.5,0,1.67
439,5.59,1.05,302,106,Nam,Khác,2,70,1.4,0,1.81
440,4.69,0.91,315,231,Nam,Khác,1,106,2,1,2.02
441,4.69,0.91,315,231,Nam,Khác,2,118,1.9,1,2.02
442,7.13,1.08,468,75,Nữ,Kinh,1,34,3.76,0,3.32
443,7.13,1.08,468,75,Nữ,Kinh,2,51,3.07,0,3.47
444,7.69,0.77,294,61,Nữ,Kinh,1,0,3.33,0,0
445,7.69,0.77,294,61,Nữ,Kinh,2,16,3,0,3.25
446,7.27,0.79,292,85,Nam,Kinh,1,58,1.73,0,2.7
447,7.27,0.79,292,85,Nam,Kinh,2,73,2.39,0,2.5
448,6.85,0.69,428,23,Nữ,Kinh,1,95,3.33,0,2.85
449,6.85,0.69,428,23,Nữ,Kinh,2,113,3.6,0,2.92
450,5.87,0.87,177,49,Nữ,Kinh,1,29,3.4,0,3.13
451,5.87,0.87,177,49,Nữ,Kinh,2,44,3.38,0,3.22
452,5.52,0.88,676,477,Nam,Kinh,1,20,2.44,1,2.75
453,5.52,0.88,676,477,Nam,Kinh,2,36,2.21,1,2.61
454,7.2,0.69,384,129,Nam,Kinh,1,80,2.18,1,1.97
455,7.2,0.69,384,129,Nam,Kinh,2,97,2.4,1,2.01
456,7.13,0.7,10,10,Nam,Kinh,1,0,1.83,0,0
457,7.13,0.7,10,10,Nam,Kinh,2,17,2.46,0,1.76
458,7.06,0.74,243,70,Nam,Kinh,1,53,3,0,2.11
459,7.06,0.74,243,70,Nam,Kinh,2,65,2.8,0,2.27
460,6.15,0.96,370,165,Nam,Kinh,1,59,3,0,2.38
461,6.15,0.96,370,165,Nam,Kinh,2,71,2,0,2.49
462,6.08,0.81,660,282,Nữ,Kinh,1,96,3.05,0,2.7
463,6.08,0.81,660,282,Nữ,Kinh,2,115,3,0,2.76
464,7.76,0.73,609,17,Nam,Kinh,1,28,2.46,0,3.21
465,7.76,0.73,609,17,Nam,Kinh,2,41,3,0,2.97
466,6.92,0.83,178,28,Nữ,Kinh,1,0,2.81,0,0
467,6.92,0.83,178,28,Nữ,Kinh,2,14,3,0,2.78
468,5.59,0.86,552,146,Nam,Kinh,1,0,2.13,0,0
469,5.59,0.86,552,146,Nam,Kinh,2,15,1.73,0,2.06
470,7.06,0.77,771,129,Nam,Kinh,1,25,2.43,0,2.32
471,7.06,0.77,771,129,Nam,Kinh,2,39,1.87,0,2.35
472,7.48,0.55,196,54,Nam,Kinh,1,38,3,0,1.92
473,7.48,0.55,196,54,Nam,Kinh,2,51,3,0,2.19
474,6.99,0.89,20,11,Nam,Kinh,1,0,2.43,1,0
475,6.99,0.89,20,11,Nam,Kinh,2,14,2,1,2.42
476,3.92,0.87,290,150,Nam,Khác,1,105,2.25,1,2.05
477,3.92,0.87,290,150,Nam,Khác,2,117,2.2,1,2.07
478,5.52,0.88,235,90,Nam,Khác,1,5,1.75,1,2.8
479,5.52,0.88,235,90,Nam,Khác,2,17,1.13,1,2.05
480,5.17,0.61,280,149,Nam,Khác,1,82,1.6,1,2.02
481,5.17,0.61,280,149,Nam,Khác,2,97,1.6,1,1.95
482,6.78,0.8,657,141,Nam,Kinh,1,29,2.38,0,2.75
483,6.78,0.8,657,141,Nam,Kinh,2,45,1.93,0,2.62
484,5.45,0.81,274,118,Nam,Kinh,1,56,2.4,1,2.37
485,5.45,0.81,274,118,Nam,Kinh,2,71,1.6,1,2.38
486,5.87,1.21,212,75,Nam,Kinh,1,29,2.2,1,2.31
487,5.87,1.21,212,75,Nam,Kinh,2,44,2,1,2.27
488,5.8,0.69,77,12,Nam,Kinh,1,106,0.75,1,2.01
489,5.8,0.69,77,12,Nam,Kinh,2,118,2.4,1,1.88
490,6.08,0.93,118,17,Nữ,Kinh,1,72,2.43,0,2.34
491,6.08,0.93,118,17,Nữ,Kinh,2,93,2.67,0,2.36
492,4.48,0.6,157,68,Nam,Khác,1,37,2,1,1.97
493,4.48,0.6,157,68,Nam,Khác,2,49,1.87,1,1.97
494,6.99,0.64,220,15,Nam,Khác,1,63,2.6,1,3.25
495,6.99,0.64,220,15,Nam,Khác,2,78,2.87,1,3.16
496,4.27,0.85,97,61,Nam,Khác,1,29,2,1,2.2
497,4.27,0.85,97,61,Nam,Khác,2,41,1.25,1,2.14
498,5.31,0.9,295,140,Nam,Kinh,1,0,2.07,1,0
499,5.31,0.9,295,140,Nam,Kinh,2,12,2.46,1,2.08
500,7.27,1.04,268,73,Nữ,Kinh,1,50,3.25,0,2.16
501,7.27,1.04,268,73,Nữ,Kinh,2,62,2.46,0,2.37
502,7.34,0.84,316,18,Nam,Khác,1,0,3.33,0,0
503,7.34,0.84,316,18,Nam,Khác,2,16,3.38,0,3.37
504,5.17,0.8,203,72,Nam,Kinh,1,93,2,0,2.13
505,5.17,0.8,203,72,Nam,Kinh,2,108,1.71,0,2.12
506,5.66,0.72,211,69,Nam,Kinh,1,0,2.33,0,0
507,5.66,0.72,211,69,Nam,Kinh,2,16,2.06,0,2.37
508,5.94,1.24,203,112,Nam,Khác,1,85,3,0,1.98
509,5.94,1.24,203,112,Nam,Khác,2,97,3,0,2.11
510,6.43,1.42,168,75,Nam,Kinh,1,0,2.64,1,0
511,6.43,1.42,168,75,Nam,Kinh,2,12,1.59,1,2.58
512,6.78,0.9,125,13,Nam,Kinh,1,64,2.8,1,2.76
513,6.78,0.9,125,13,Nam,Kinh,2,79,3.16,1,2.77
514,7.48,0.88,158,28,Nữ,Kinh,1,65,3.44,0,3.32
515,7.48,0.88,158,28,Nữ,Kinh,2,81,3.44,0,3.34
516,4.13,0.79,202,109,Nam,Khác,1,76,0.5,1,1.69
517,4.13,0.79,202,109,Nam,Khác,2,88,1.25,1,1.53
518,4.9,0.89,133,54,Nữ,Kinh,1,5,3.25,0,3.4
519,4.9,0.89,133,54,Nữ,Kinh,2,13,2.29,0,3.3
520,6.5,0.98,229,38,Nam,Khác,1,1,2.74,1,4
521,6.5,0.98,229,38,Nam,Khác,2,18,2.46,1,2.66
522,5.8,0.93,10,2,Nam,Khác,1,29,2.07,0,2.24
523,5.8,0.93,10,2,Nam,Khác,2,43,1.8,0,2.18
524,8.53,0.74,465,8,Nam,Khác,1,0,4,0,0
525,8.53,0.74,465,8,Nam,Khác,2,13,4,0,4
526,5.59,1.11,465,274,Nam,Kinh,1,1,1.35,1,4
527,5.59,1.11,465,274,Nam,Kinh,2,16,1.54,1,1.56
528,6.85,0.78,240,120,Nam,Kinh,1,28,2,0,2.1
529,6.85,0.78,240,120,Nam,Kinh,2,40,1.75,0,2.07
530,5.38,0.71,386,223,Nam,Khác,1,0,1.32,1,0
531,5.38,0.71,386,223,Nam,Khác,2,17,0.77,1,1.35
532,6.22,1.02,69,63,Nam,Kinh,1,0,2.64,1,0
533,6.22,1.02,69,63,Nam,Kinh,2,12,1,1,2.75
534,6.92,0.98,204,31,Nữ,Khác,1,0,2.14,0,0
535,6.92,0.98,204,31,Nữ,Khác,2,14,1.67,0,2.14
536,5.8,0.8,245,73,Nam,Kinh,1,25,1.94,0,2.08
537,5.8,0.8,245,73,Nam,Kinh,2,41,2.36,0,2.02
538,6.85,1,238,80,Nam,Kinh,1,0,2.31,1,0
539,6.85,1,238,80,Nam,Kinh,2,16,1.64,1,1.87
540,6.64,0.7,148,18,Nam,Kinh,1,90,3,0,2.46
541,6.64,0.7,148,18,Nam,Kinh,2,103,3.65,0,2.53
542,6.85,0.88,238,46,Nam,Kinh,1,0,2.77,1,0
543,6.85,0.88,238,46,Nam,Kinh,2,13,2.53,1,2.76
544,4.48,0.83,534,165,Nam,Khác,1,83,1.25,1,2.02
545,4.48,0.83,534,165,Nam,Khác,2,95,1.6,1,1.92
546,7.9,0.69,396,7,Nam,Kinh,1,40,2.54,1,2.9
547,7.9,0.69,396,7,Nam,Kinh,2,53,3.57,1,2.81
548,8.18,1.05,230,13,Nam,Kinh,1,43,2.88,1,2.51
549,8.18,1.05,230,13,Nam,Kinh,2,59,3.4,1,2.61
550,4.9,0.75,191,124,Nam,Khác,1,2,0.69,0,4
551,4.9,0.75,191,124,Nam,Khác,2,14,0.77,0,1.28
552,5.52,0.93,125,34,Nam,Khác,1,42,1.6,1,1.85
553,5.52,0.93,125,34,Nam,Khác,2,55,1.86,1,1.78
554,7.13,0.79,574,81,Nam,Kinh,1,0,1.21,0,0
555,7.13,0.79,574,81,Nam,Kinh,2,12,2.25,0,1.25
556,6.85,0.85,665,33,Nam,Kinh,1,25,2.85,0,2.6
557,6.85,0.85,665,33,Nam,Kinh,2,38,2.6,0,2.68
558,7.55,0.57,539,152,Nam,Kinh,1,91,2.93,0,2.29
559,7.55,0.57,539,152,Nam,Kinh,2,110,2.6,0,2.37
560,5.73,0.91,526,160,Nữ,Khác,1,0,2.24,0,0
561,5.73,0.91,526,160,Nữ,Khác,2,15,2.4,0,2.13
562,7.97,0.75,160,6,Nam,Kinh,1,91,3,0,3.32
563,7.97,0.75,160,6,Nam,Kinh,2,106,2.15,0,3.28
564,6.71,1.13,201,19,Nam,Kinh,1,0,3,0,0
565,6.71,1.13,201,19,Nam,Kinh,2,11,2.31,0,2.9
566,4.9,0.67,201,103,Nam,Kinh,1,1,2.16,1,4
567,4.9,0.67,201,103,Nam,Kinh,2,18,1.94,1,2.38
568,4.41,1.03,163,89,Nam,Khác,1,80,1.71,1,1.8
569,4.41,1.03,163,89,Nam,Khác,2,92,0,1,1.8
570,4.48,1.13,353,230,Nam,Khác,1,33,2.2,1,1.75
571,4.48,1.13,353,230,Nam,Khác,2,48,2,1,1.89
572,7.13,0.82,345,46,Nam,Kinh,1,29,2.31,0,2.55
573,7.13,0.82,345,46,Nam,Kinh,2,42,1.75,0,2.47
574,7.2,0.87,176,27,Nam,Kinh,1,62,3.23,1,2.43
575,7.2,0.87,176,27,Nam,Kinh,2,75,3,1,2.57
576,6.43,0.96,575,155,Nữ,Kinh,1,101,3.33,0,3.33
577,6.43,0.96,575,155,Nữ,Kinh,2,119,4,0,3.33
578,6.92,0.83,715,23,Nữ,Kinh,1,0,3,0,0
579,6.92,0.83,715,23,Nữ,Kinh,2,16,3.63,0,2.87
580,6.43,0.88,715,529,Nam,Kinh,1,7,2.8,0,1.71
581,6.43,0.88,715,529,Nam,Kinh,2,17,0,0,2.35
582,5.87,0.83,715,511,Nam,Khác,1,0,1.18,0,0
583,5.87,0.83,715,511,Nam,Khác,2,11,1.23,0,1.18
584,6.92,0.87,715,279,Nam,Kinh,1,0,2.25,0,0
585,6.92,0.87,715,279,Nam,Kinh,2,10,2.33,0,2.1
586,6.64,0.83,715,346,Nam,Kinh,1,1,2,1,4
587,6.64,0.83,715,346,Nam,Kinh,2,17,1.6,1,2
588,8.25,0.82,771,481,Nam,Kinh,1,0,1.5,0,0
589,8.25,0.82,771,481,Nam,Kinh,2,14,2.8,0,1.5
590,7.34,0.78,687,314,Nam,Kinh,1,27,2.5,0,1.96
591,7.34,0.78,687,314,Nam,Kinh,2,39,2.25,0,2.12
592,6.29,0.76,132,18,Nam,Kinh,1,58,3.13,0,2.89
593,6.29,0.76,132,18,Nam,Kinh,2,74,3.2,0,2.94
594,3.43,0.75,144,55,Nữ,Khác,1,112,1.6,0,2
595,3.43,0.75,144,55,Nữ,Khác,2,127,1.75,0,1.97
596,4.69,0.86,87,42,Nam,Khác,1,40,1.5,1,2.17
597,4.69,0.86,87,42,Nam,Khác,2,52,1.38,1,2.01
598,4.97,1.03,117,65,Nữ,Khác,1,0,1.79,0,0
599,4.97,1.03,117,65,Nữ,Khác,2,17,2,0,1.76
600,6.29,0.8,30,17,Nam,Kinh,1,0,2.21,1,0
601,6.29,0.8,30,17,Nam,Kinh,2,14,2.69,1,2.21
602,6.5,1.07,277,50,Nam,Kinh,1,55,0.75,0,1.96
603,6.5,1.07,277,50,Nam,Kinh,2,67,1.8,0,1.74
604,6.01,0.62,259,70,Nam,Kinh,1,39,2.46,1,2.2
605,6.01,0.62,259,70,Nam,Kinh,2,52,1.25,1,2.26
606,5.8,0.69,297,84,Nam,Kinh,1,57,2.29,0,2.21
607,5.8,0.69,297,84,Nam,Kinh,2,71,2.2,0,2.22
608,9.79,0.94,252,1,Nam,Kinh,1,59,4,1,3.74
609,9.79,0.94,252,1,Nam,Kinh,2,75,4,1,3.8
610,3.99,0.78,209,82,Nữ,Khác,1,52,2.62,0,2.01
611,3.99,0.78,209,82,Nữ,Khác,2,65,1.25,0,2.13
612,7.9,0.79,313,10,Nam,Kinh,1,29,3.29,1,3.37
613,7.9,0.79,313,10,Nam,Kinh,2,46,3.68,1,3.34
614,6.01,0.79,66,21,Nam,Kinh,1,57,3.2,0,2.57
615,6.01,0.79,66,21,Nam,Kinh,2,72,2.6,0,2.7
616,4.55,0.76,234,35,Nữ,Khác,1,84,3.2,0,2.72
617,4.55,0.76,234,35,Nữ,Khác,2,99,3.75,0,2.79
618,7.48,0.84,127,25,Nam,Kinh,1,69,3.5,1,2.37
619,7.48,0.84,127,25,Nam,Kinh,2,87,3.33,1,2.6
620,4.83,0.6,79,12,Nam,Khác,1,103,2,1,2.64
621,4.83,0.6,79,12,Nam,Khác,2,115,2.67,1,2.57
622,8.39,0.62,415,14,Nam,Kinh,1,0,3.38,1,0
623,8.39,0.62,415,14,Nam,Kinh,2,16,3.31,1,3.37
624,8.25,0.71,365,3,Nữ,Kinh,1,27,3.5,0,3.59
625,8.25,0.71,365,3,Nữ,Kinh,2,41,2.57,0,3.56
626,4.41,0.8,246,160,Nam,Kinh,1,99,2.4,0,2.25
627,4.41,0.8,246,160,Nam,Kinh,2,114,1.6,0,2.27
628,6.08,0.74,254,73,Nam,Khác,1,31,2.62,0,1.74
629,6.08,0.74,254,73,Nam,Khác,2,44,2.5,0,2
630,6.57,0.65,256,58,Nam,Kinh,1,49,2.25,0,2.3
631,6.57,0.65,256,58,Nam,Kinh,2,61,2.5,0,2.29
632,4.27,0.91,522,152,Nam,Kinh,1,71,2.25,1,2.26
633,4.27,0.91,522,152,Nam,Kinh,2,83,1.75,1,2.26
634,7.76,0.95,591,10,Nam,Kinh,1,0,3.22,0,0
635,7.76,0.95,591,10,Nam,Kinh,2,18,3,0,3.22
636,6.22,0.82,690,420,Nam,Khác,1,112,1.75,1,2.05
637,6.22,0.82,690,420,Nam,Khác,2,127,1.92,1,2.02
638,5.94,0.89,572,86,Nam,Kinh,1,93,1.71,0,2.19
639,5.94,0.89,572,86,Nam,Kinh,2,107,2.26,0,2.13
640,8.04,0.74,673,106,Nam,Kinh,1,41,3.2,0,3.14
641,8.04,0.74,673,106,Nam,Kinh,2,56,3,0,3.16
642,5.66,0.88,337,56,Nam,Kinh,1,87,2.2,1,1.93
643,5.66,0.88,337,56,Nam,Kinh,2,97,1.25,1,1.95
644,5.03,0.89,584,268,Nam,Khác,1,1,1.32,1,4
645,5.03,0.89,584,268,Nam,Khác,2,18,1.31,1,1.38
646,7.27,0.7,172,5,Nam,Kinh,1,56,2.33,1,3.01
647,7.27,0.7,172,5,Nam,Kinh,2,74,2.5,1,2.85
648,7.69,1,181,30,Nam,Kinh,1,0,3.21,1,0
649,7.69,1,181,30,Nam,Kinh,2,12,1.92,1,3.08
650,6.99,0.82,154,5,Nữ,Khác,1,0,2.14,0,0
651,6.99,0.82,154,5,Nữ,Khác,2,14,1.86,0,2.14
652,6.85,0.85,151,30,Nam,Khác,1,0,0.94,0,0
653,6.85,0.85,151,30,Nam,Khác,2,17,1.47,0,0.94
654,5.24,1.03,30,10,Nữ,Kinh,1,95,3.17,0,2.47
655,5.24,1.03,30,10,Nữ,Kinh,2,113,2.5,0,2.58
656,5.73,1,35,11,Nam,Kinh,1,0,1.71,1,0
657,5.73,1,35,11,Nam,Kinh,2,15,2.6,1,1.53
658,6.29,0.8,149,38,Nam,Kinh,1,75,2.88,0,1.93
659,6.29,0.8,149,38,Nam,Kinh,2,92,2.13,0,2.1
660,7.27,0.73,94,6,Nữ,Kinh,1,33,3.06,0,3.06
661,7.27,0.73,94,6,Nữ,Kinh,2,49,3.12,0,3.06
662,4.97,0.87,258,129,Nữ,Khác,1,0,1.75,0,0
663,4.97,0.87,258,129,Nữ,Khác,2,15,2.27,0,1.86
664,7.13,0.76,560,32,Nữ,Kinh,1,92,3.5,0,3.14
665,7.13,0.76,560,32,Nữ,Kinh,2,104,3,0,3.18
666,6.85,0.96,299,42,Nam,Kinh,1,91,2.25,0,2.19
667,6.85,0.96,299,42,Nam,Kinh,2,103,2.88,0,2.2
668,6.92,0.98,425,30,Nữ,Kinh,1,0,3.65,0,0
669,6.92,0.98,425,30,Nữ,Kinh,2,15,2.59,0,3.6
670,6.64,0.94,265,43,Nam,Kinh,1,68,2.75,1,2
671,6.64,0.94,265,43,Nam,Kinh,2,83,2.14,1,2.13
672,6.71,0.96,10,1,Nữ,Kinh,1,95,2.82,0,3.01
673,6.71,0.96,10,1,Nữ,Kinh,2,112,3,0,2.98
674,7.69,0.8,742,31,Nam,Kinh,1,33,2.73,0,2.39
675,7.69,0.8,742,31,Nam,Kinh,2,48,3,0,2.5
676,6.36,0.94,139,6,Nam,Kinh,1,0,3.31,0,0
677,6.36,0.94,139,6,Nam,Kinh,2,16,3.38,0,3.31
678,4.76,1,658,246,Nam,Kinh,1,49,2,0,2.22
679,4.76,1,658,246,Nam,Kinh,2,64,2.25,0,2.17
680,7.9,0.95,87,61,Nam,Kinh,1,0,1.5,0,0
681,7.9,0.95,87,61,Nam,Kinh,2,12,1.79,0,1.5
682,7.06,0.8,553,169,Nam,Kinh,1,29,2.69,0,2
683,7.06,0.8,553,169,Nam,Kinh,2,42,2.5,0,2.21
684,6.92,0.71,599,253,Nam,Kinh,1,36,1.73,0,2.05
685,6.92,0.71,599,253,Nam,Kinh,2,47,2,0,1.97
686,7.55,0.93,640,267,Nam,Kinh,1,0,1.86,0,0
687,7.55,0.93,640,267,Nam,Kinh,2,14,1.81,0,1.85
688,6.01,0.72,373,264,Nam,Kinh,1,1,1.88,1,4
689,6.01,0.72,373,264,Nam,Kinh,2,16,1.75,1,2.12
690,5.52,0.93,624,285,Nam,Kinh,1,0,1.82,0,0
691,5.52,0.93,624,285,Nam,Kinh,2,15,2.38,0,1.8
692,7.48,0.95,361,182,Nam,Kinh,1,0,1.41,0,0
693,7.48,0.95,361,182,Nam,Kinh,2,15,0.9,0,1.33
694,5.94,0.89,224,191,Nữ,Khác,1,0,1.64,0,0
695,5.94,0.89,224,191,Nữ,Khác,2,15,1.85,0,1.73
696,7.48,0.95,481,33,Nữ,Khác,1,38,3,0,3.36
697,7.48,0.95,481,33,Nữ,Khác,2,55,2.8,0,3.25
698,5.87,0.95,456,149,Nam,Kinh,1,0,1.73,0,0
699,5.87,0.95,456,149,Nam,Kinh,2,13,3.06,0,1.53
700,6.08,1.07,312,230,Nam,Kinh,1,59,2.25,1,2.16
701,6.08,1.07,312,230,Nam,Kinh,2,71,1.75,1,2.18
702,6.92,0.62,500,73,Nam,Kinh,1,28,1.94,0,1.96
703,6.92,0.62,500,73,Nam,Kinh,2,44,2.19,0,1.95
704,4.97,1.22,456,182,Nữ,Khác,1,30,1.58,0,2.1
705,4.97,1.22,456,182,Nữ,Khác,2,42,2.38,0,1.95
706,5.31,0.9,235,143,Nam,Kinh,1,0,1.88,0,0
707,5.31,0.9,235,143,Nam,Kinh,2,15,0.88,0,1.8
708,5.38,0.92,512,339,Nữ,Kinh,1,0,2.15,0,0
709,5.38,0.92,512,339,Nữ,Kinh,2,12,2.5,0,2.25
710,6.22,0.85,718,429,Nam,Kinh,1,28,2.5,0,1.92
711,6.22,0.85,718,429,Nam,Kinh,2,40,2.63,0,2.1
712,6.36,0.82,595,448,Nam,Kinh,1,83,1.5,0,2.13
713,6.36,0.82,595,448,Nam,Kinh,2,101,2.29,0,2.01
714,7.13,0.89,10,1,Nam,Kinh,1,63,2.42,0,2.6
715,7.13,0.89,10,1,Nam,Kinh,2,75,2.69,0,2.57
716,7.41,0.83,542,72,Nam,Kinh,1,29,3,1,3.58
717,7.41,0.83,542,72,Nam,Kinh,2,41,2.75,1,3.41
718,6.01,0.65,509,315,Nam,Kinh,1,0,0.92,1,0
719,6.01,0.65,509,315,Nam,Kinh,2,13,2,1,0.92
720,6.43,0.77,509,106,Nam,Kinh,1,0,2.27,0,0
721,6.43,0.77,509,106,Nam,Kinh,2,15,2.5,0,2.26
722,6.36,0.62,69,12,Nữ,Khác,1,0,2.8,0,0
723,6.36,0.62,69,12,Nữ,Khác,2,18,2.63,0,2.77
724,4.9,0.67,625,202,Nam,Khác,1,57,2.5,0,2.05
725,4.9,0.67,625,202,Nam,Khác,2,69,2.5,0,2.13
726,8.18,0.75,177,53,Nam,Kinh,1,64,2.17,1,2.21
727,8.18,0.75,177,53,Nam,Kinh,2,76,2.8,1,2.21
728,7.06,0.84,322,168,Nam,Kinh,1,27,2.2,0,2.44
729,7.06,0.84,322,168,Nam,Kinh,2,42,2.5,0,2.35
730,4.9,0.89,200,80,Nữ,Khác,1,0,2.5,0,0
731,4.9,0.89,200,80,Nữ,Khác,2,12,2.8,0,2.5
